TIME,ORIGIN,FROM,SEQUENCE,ASPATH,PREFIX,NEXT_HOP
03/07/16 00:00:04,IGP,80.249.209.167 AS6453,583326,6453 174 8452 36992,217.52.0.0/16,80.249.209.167
03/07/16 00:00:04,IGP,80.249.208.200 AS12859,583327,12859 2914 174 8452 36992,217.52.102.0/24,80.249.208.200
03/07/16 00:00:04,IGP,80.249.208.200 AS12859,583328,12859 2914 6453 36992,217.53.0.0/16,80.249.208.200
03/07/16 00:00:04,IGP,80.249.208.200 AS12859,583329,12859 2914 6453 36992,217.53.0.0/17,80.249.208.200
03/07/16 00:00:04,IGP,80.249.208.200 AS12859,583330,12859 2914 6453 36992,217.54.0.0/16,80.249.208.200
03/07/16 00:00:04,IGP,80.249.208.200 AS12859,583331,12859 2914 6453 36992,217.55.0.0/16,80.249.208.200
03/07/16 00:00:04,IGP,80.249.208.200 AS12859,583332,12859 2914 174 8452 36992,217.55.0.0/17,80.249.208.200
03/07/16 00:00:04,IGP,80.249.208.200 AS12859,583333,12859 2914 6453 36992,217.55.0.0/19,80.249.208.200
03/07/16 00:00:04,IGP,80.249.208.200 AS12859,583334,12859 2914 174 8452 36992,217.55.0.0/20,80.249.208.200
03/07/16 00:00:04,IGP,80.249.208.200 AS12859,583335,12859 2914 6453 36992,217.55.0.0/21,80.249.208.200
03/07/16 00:00:04,IGP,80.249.208.200 AS12859,583338,12859 2914 6762 36992,217.55.8.0/21,80.249.208.200
03/07/16 00:00:04,IGP,80.249.208.200 AS12859,583339,12859 2914 174 8452 36992,217.55.32.0/20,80.249.208.200
03/07/16 00:00:04,IGP,80.249.208.200 AS12859,583340,12859 2914 6453 36992,217.55.64.0/18,80.249.208.200
03/07/16 00:00:04,IGP,80.249.208.200 AS12859,583341,12859 2914 6762 36992,217.55.64.0/20,80.249.208.200
03/07/16 00:00:04,IGP,80.249.208.200 AS12859,583342,12859 2914 6453 36992,217.55.80.0/24,80.249.208.200
03/07/16 00:00:04,IGP,80.249.208.200 AS12859,583343,12859 2914 6453 36992,217.55.81.0/24,80.249.208.200
03/07/16 00:00:04,IGP,80.249.208.200 AS12859,583344,12859 2914 6453 36992,217.55.82.0/24,80.249.208.200
03/07/16 00:00:04,IGP,80.249.208.200 AS12859,583345,12859 2914 6453 36992,217.55.83.0/24,80.249.208.200
03/07/16 00:00:04,INCOMPLETE,80.249.208.149 AS15435,583346,15435 3257 6453 36992,217.55.87.0/24,80.249.208.149
03/07/16 00:00:04,IGP,80.249.208.200 AS12859,583347,12859 2914 6453 36992,217.55.88.0/24,80.249.208.200
03/07/16 00:00:04,IGP,80.249.208.200 AS12859,583348,12859 2914 6453 36992,217.55.89.0/24,80.249.208.200
03/07/16 00:00:04,IGP,80.249.208.200 AS12859,583349,12859 2914 6453 36992,217.55.90.0/24,80.249.208.200
03/07/16 00:00:04,IGP,80.249.208.200 AS12859,583350,12859 2914 6453 36992,217.55.92.0/24,80.249.208.200
03/07/16 00:00:04,IGP,80.249.208.200 AS12859,583351,12859 2914 6453 36992,217.55.93.0/24,80.249.208.200
03/07/16 00:00:04,IGP,80.249.208.200 AS12859,583352,12859 2914 6453 36992,217.55.94.0/24,80.249.208.200
03/07/16 00:00:04,IGP,80.249.208.200 AS12859,583353,12859 2914 174 8452 36992,217.55.96.0/20,80.249.208.200
03/07/16 00:00:04,IGP,80.249.208.200 AS12859,583354,12859 2914 6453 36992,217.55.112.0/20,80.249.208.200
03/07/16 00:00:04,IGP,80.249.208.200 AS12859,583355,12859 2914 6453 36992,217.55.112.0/21,80.249.208.200
03/07/16 00:00:04,INCOMPLETE,80.249.209.167 AS6453,583356,6453 36992,217.55.112.0/22,80.249.209.167
03/07/16 00:00:04,IGP,80.249.208.200 AS12859,583357,12859 2914 6762 36992,217.55.116.0/22,80.249.208.200
03/07/16 00:00:04,IGP,80.249.208.200 AS12859,583358,12859 2914 174 8452 36992,217.55.120.0/21,80.249.208.200
03/07/16 00:00:04,IGP,80.249.208.200 AS12859,583359,12859 2914 6453 36992 36992 36992 36992 36992 36992 36992 36992 36992 36992 36992 36992 36992,217.55.128.0/17,80.249.208.200
03/07/16 00:00:04,IGP,80.249.208.200 AS12859,583360,12859 2914 6453 36992 36992 36992 36992 36992 36992 36992 36992 36992 36992 36992 36992 36992,217.55.128.0/18,80.249.208.200
03/07/16 00:00:04,INCOMPLETE,80.249.208.111 AS30132,583361,30132 1299 174 8452 36992,217.55.128.0/20,80.249.208.111
03/07/16 00:00:04,IGP,80.249.208.200 AS12859,583362,12859 2914 6762 8452 36992,217.55.144.0/20,80.249.208.200
03/07/16 00:00:04,IGP,80.249.208.111 AS30132,583363,30132 1299 174 8452 36992,217.55.144.0/21,80.249.208.111
03/07/16 00:00:04,IGP,80.249.208.200 AS12859,583364,12859 2914 6762 8452 36992,217.55.152.0/21,80.249.208.200
03/07/16 00:00:04,IGP,80.249.208.200 AS12859,583365,12859 2914 6762 8452 36992,217.55.152.0/22,80.249.208.200
03/07/16 00:00:04,IGP,80.249.208.200 AS12859,583366,12859 2914 6762 8452 36992,217.55.156.0/22,80.249.208.200
03/07/16 00:00:04,IGP,80.249.208.200 AS12859,583367,12859 2914 6762 8452 36992,217.55.160.0/19,80.249.208.200
03/07/16 00:00:04,IGP,80.249.208.200 AS12859,583368,12859 2914 6453 36992 36992 36992 36992 36992 36992 36992 36992 36992 36992 36992 36992 36992,217.55.192.0/18,80.249.208.200
03/07/16 00:00:04,IGP,80.249.208.200 AS12859,583369,12859 3257 8452 36992,217.55.192.0/19,80.249.208.200
03/07/16 00:00:04,IGP,80.249.208.200 AS12859,583370,12859 3257 8452 36992,217.55.192.0/21,80.249.208.200
03/07/16 00:00:04,IGP,80.249.208.200 AS12859,583371,12859 2914 174 8452 36992,217.55.200.0/21,80.249.208.200
03/07/16 00:00:04,IGP,80.249.208.200 AS12859,583372,12859 2914 174 8452 36992,217.55.200.0/22,80.249.208.200
03/07/16 00:00:04,IGP,80.249.208.200 AS12859,583373,12859 2914 174 8452 36992,217.55.204.0/22,80.249.208.200
03/07/16 00:00:04,IGP,80.249.208.200 AS12859,583374,12859 3257 8452 36992,217.55.208.0/20,80.249.208.200
03/07/16 00:00:04,IGP,80.249.208.200 AS12859,583375,12859 2914 6762 8452 36992,217.55.224.0/20,80.249.208.200
03/07/16 00:00:04,IGP,80.249.208.200 AS12859,583376,12859 3257 8452 36992,217.55.224.0/21,80.249.208.200
03/07/16 00:00:04,IGP,80.249.208.200 AS12859,583377,12859 2914 6762 8452 36992,217.55.232.0/21,80.249.208.200
03/07/16 00:00:04,IGP,80.249.208.200 AS12859,583378,12859 2914 6453 36992 36992 36992 36992 36992 36992 36992 36992 36992 36992 36992 36992 36992,217.55.239.0/24,80.249.208.200
03/07/16 00:00:04,IGP,80.249.208.200 AS12859,583379,12859 2914 6762 8452 36992,217.55.240.0/20,80.249.208.200
03/07/16 00:00:04,INCOMPLETE,80.249.208.111 AS30132,583380,30132 1299 174 8452 36992,217.55.240.0/21,80.249.208.111
03/07/16 00:00:04,IGP,80.249.208.200 AS12859,583381,12859 2914 6762 8452 36992,217.55.248.0/21,80.249.208.200
03/07/16 00:00:04,IGP,2001:7f8:1::a501:5435:1 AS15435,602433,15435 6939 6453 36992,2001:42b8::/32,fe80::224:38ff:feaa:6e41
03/07/16 00:00:05,IGP,2001:7f8:1::a501:2859:2 AS12859,626287,12859 2914 6453 36992,2c0f:fc88::/32,fe80::f21c:2d01:f5c3:154c
03/07/16 00:00:05,IGP,2001:7f8:1::a501:2859:2 AS12859,626288,12859 2914 6453 36992,2c0f:fc88::/48,fe80::f21c:2d01:f5c3:154c
03/07/16 00:00:05,IGP,2001:7f8:1::a501:2859:2 AS12859,626289,12859 2914 6453 36992,2c0f:fc88:5::/48,fe80::f21c:2d01:f5c3:154c
03/07/16 00:00:05,IGP,2001:7f8:1::a501:2859:2 AS12859,626290,12859 2914 6453 36992,2c0f:fc88:6::/48,fe80::f21c:2d01:f5c3:154c
03/07/16 00:00:05,IGP,2001:7f8:1::a501:2859:2 AS12859,626291,12859 2914 6453 36992,2c0f:fc88:7::/48,fe80::f21c:2d01:f5c3:154c
03/07/16 00:00:05,IGP,2001:7f8:1::a501:2859:2 AS12859,626292,12859 2914 6453 36992,2c0f:fc88:8::/48,fe80::f21c:2d01:f5c3:154c
03/07/16 00:00:05,IGP,2001:7f8:1::a501:2859:2 AS12859,626293,12859 2914 6453 36992,2c0f:fc88:9::/48,fe80::f21c:2d01:f5c3:154c
03/07/16 00:00:05,IGP,2001:7f8:1::a501:2859:2 AS12859,626294,12859 2914 6453 36992,2c0f:fc88:a::/48,fe80::f21c:2d01:f5c3:154c
03/07/16 00:00:05,IGP,2001:7f8:1::a501:2859:2 AS12859,626295,12859 2914 6453 36992,2c0f:fc88:b::/48,fe80::f21c:2d01:f5c3:154c
03/07/16 00:00:05,IGP,2001:7f8:1::a501:2859:2 AS12859,626296,12859 2914 6453 36992,2c0f:fc88:c::/48,fe80::f21c:2d01:f5c3:154c
03/07/16 00:00:05,IGP,2001:7f8:1::a501:2859:2 AS12859,626297,12859 2914 6453 36992,2c0f:fc88:d::/48,fe80::f21c:2d01:f5c3:154c
03/07/16 00:00:05,IGP,2001:7f8:1::a500:1273:1 AS1273,626298,1273 6453 36992,2c0f:fc88:e::/48,fe80::fac0:1ff:fe24:ccd
03/07/16 00:00:05,IGP,2001:7f8:1::a500:1273:1 AS1273,626299,1273 6453 36992,2c0f:fc88:f::/48,fe80::fac0:1ff:fe24:ccd
03/07/16 00:00:05,IGP,2001:7f8:1::a500:1273:1 AS1273,626300,1273 6453 36992,2c0f:fc88:10::/48,fe80::fac0:1ff:fe24:ccd
03/07/16 00:00:05,IGP,2001:7f8:1::a500:1273:1 AS1273,626301,1273 6453 36992,2c0f:fc88:11::/48,fe80::fac0:1ff:fe24:ccd
03/07/16 00:00:05,IGP,2001:7f8:1::a500:1273:1 AS1273,626302,1273 6453 36992,2c0f:fc88:12::/48,fe80::fac0:1ff:fe24:ccd
03/07/16 00:00:05,IGP,2001:7f8:1::a501:5435:1 AS15435,626303,15435 6939 6453 36992 36992 36992 36992 36992 36992 36992 36992 36992 36992 36992 36992,2c0f:fc88:13::/48,fe80::224:38ff:feaa:6e41
03/07/16 00:00:05,IGP,2001:7f8:1::a501:5435:1 AS15435,626304,15435 6939 6453 36992 36992 36992 36992 36992 36992 36992 36992 36992 36992 36992 36992,2c0f:fc88:14::/48,fe80::224:38ff:feaa:6e41
03/07/16 00:00:05,IGP,2001:7f8:1::a501:5435:1 AS15435,626305,15435 6939 6453 36992 36992 36992 36992 36992 36992 36992 36992 36992 36992 36992 36992,2c0f:fc88:15::/48,fe80::224:38ff:feaa:6e41
03/07/16 00:00:05,IGP,2001:7f8:1::a501:5435:1 AS15435,626306,15435 6939 6453 36992 36992 36992 36992 36992 36992 36992 36992 36992 36992 36992 36992,2c0f:fc88:16::/48,fe80::224:38ff:feaa:6e41
03/07/16 00:00:05,IGP,2001:7f8:1::a501:2859:2 AS12859,626307,12859 2914 174 8452 36992,2c0f:fc89::/32,fe80::f21c:2d01:f5c3:154c
03/07/16 00:00:05,IGP,2001:7f8:1::a501:2859:2 AS12859,626308,12859 2914 174 8452 36992,2c0f:fc89:1::/48,fe80::f21c:2d01:f5c3:154c
03/07/16 00:00:05,IGP,2001:7f8:1::a501:2859:2 AS12859,626309,12859 2914 174 8452 36992,2c0f:fc89:2::/48,fe80::f21c:2d01:f5c3:154c
03/07/16 00:00:05,IGP,2001:7f8:1::a501:2859:2 AS12859,626310,12859 2914 174 8452 36992,2c0f:fc89:3::/48,fe80::f21c:2d01:f5c3:154c
03/07/16 00:00:05,IGP,2001:7f8:1::a501:2859:2 AS12859,626311,12859 2914 174 8452 36992,2c0f:fc89:4::/48,fe80::f21c:2d01:f5c3:154c
03/07/16 00:00:05,IGP,2001:7f8:1::a501:2859:2 AS12859,626312,12859 2914 174 8452 36992,2c0f:fc89:5::/48,fe80::f21c:2d01:f5c3:154c
03/07/16 00:00:05,IGP,2001:7f8:1::a501:2859:2 AS12859,626313,12859 2914 174 8452 36992,2c0f:fc89:6::/48,fe80::f21c:2d01:f5c3:154c
03/07/16 00:00:05,IGP,2001:7f8:1::a501:2859:2 AS12859,626314,12859 2914 174 8452 36992,2c0f:fc89:7::/48,fe80::f21c:2d01:f5c3:154c
03/07/16 00:00:05,IGP,2001:7f8:1::a501:2859:2 AS12859,626315,12859 2914 174 8452 36992,2c0f:fc89:8::/48,fe80::f21c:2d01:f5c3:154c
03/07/16 00:00:05,IGP,2001:7f8:1::a501:2859:2 AS12859,626316,12859 2914 174 8452 36992,2c0f:fc89:9::/48,fe80::f21c:2d01:f5c3:154c
03/07/16 00:00:05,IGP,2001:7f8:1::a501:2859:2 AS12859,626317,12859 2914 174 8452 36992,2c0f:fc89:a::/48,fe80::f21c:2d01:f5c3:154c
03/07/16 00:00:05,IGP,2001:7f8:1::a501:2859:2 AS12859,626318,12859 2914 174 8452 36992,2c0f:fc89:b::/48,fe80::f21c:2d01:f5c3:154c
03/07/16 00:00:05,IGP,2001:7f8:1::a501:2859:2 AS12859,626319,12859 2914 174 8452 36992,2c0f:fc89:c::/48,fe80::f21c:2d01:f5c3:154c
03/07/16 00:00:05,IGP,2001:7f8:1::a501:2859:2 AS12859,626320,12859 2914 174 8452 36992,2c0f:fc89:d::/48,fe80::f21c:2d01:f5c3:154c
03/07/16 00:00:05,IGP,2001:7f8:1::a501:2859:2 AS12859,626321,12859 2914 174 8452 36992,2c0f:fc89:e::/48,fe80::f21c:2d01:f5c3:154c
03/07/16 00:00:05,IGP,2001:7f8:1::a501:2859:2 AS12859,626322,12859 2914 174 8452 36992,2c0f:fc89:f::/48,fe80::f21c:2d01:f5c3:154c
03/07/16 00:00:05,IGP,2001:7f8:1::a501:2859:2 AS12859,626323,12859 2914 174 8452 36992,2c0f:fc89:10::/48,fe80::f21c:2d01:f5c3:154c
03/07/16 00:00:05,IGP,2001:7f8:1::a501:2859:2 AS12859,626324,12859 2914 174 8452 36992,2c0f:fc89:11::/48,fe80::f21c:2d01:f5c3:154c
03/07/16 00:00:05,IGP,2001:7f8:1::a501:2859:2 AS12859,626325,12859 2914 174 8452 36992,2c0f:fc89:12::/48,fe80::f21c:2d01:f5c3:154c
03/07/16 00:00:05,IGP,2001:7f8:1::a501:2859:2 AS12859,626326,12859 2914 174 8452 36992,2c0f:fc89:13::/48,fe80::f21c:2d01:f5c3:154c
03/07/16 00:00:05,IGP,2001:7f8:1::a501:2859:2 AS12859,626327,12859 2914 174 8452 36992,2c0f:fc89:14::/48,fe80::f21c:2d01:f5c3:154c
03/07/16 00:00:05,IGP,2001:7f8:1::a501:2859:2 AS12859,626328,12859 2914 174 8452 36992,2c0f:fc89:15::/48,fe80::f21c:2d01:f5c3:154c
03/07/16 00:00:05,IGP,2001:7f8:1::a501:2859:2 AS12859,626329,12859 2914 174 8452 36992,2c0f:fc89:16::/48,fe80::f21c:2d01:f5c3:154c
03/07/16 00:00:05,IGP,2001:7f8:1::a501:2859:2 AS12859,626330,12859 2914 174 8452 36992,2c0f:fc89:17::/48,fe80::f21c:2d01:f5c3:154c
03/07/16 00:00:05,IGP,2001:7f8:1::a501:2859:2 AS12859,626331,12859 2914 174 8452 36992,2c0f:fc89:18::/48,fe80::f21c:2d01:f5c3:154c
03/07/16 00:00:05,IGP,2001:7f8:1::a501:2859:2 AS12859,626332,12859 2914 174 8452 36992,2c0f:fc89:19::/48,fe80::f21c:2d01:f5c3:154c
03/07/16 00:00:05,IGP,2001:7f8:1::a501:2859:2 AS12859,626333,12859 2914 174 8452 36992,2c0f:fc89:1a::/48,fe80::f21c:2d01:f5c3:154c
03/07/16 00:00:05,IGP,2001:7f8:1::a501:2859:2 AS12859,626334,12859 2914 174 8452 36992,2c0f:fc89:1b::/48,fe80::f21c:2d01:f5c3:154c
03/07/16 00:00:05,IGP,2001:7f8:1::a501:2859:2 AS12859,626335,12859 2914 174 8452 36992,2c0f:fc89:2b::/48,fe80::f21c:2d01:f5c3:154c
03/07/16 00:00:05,IGP,2001:7f8:1::a501:2859:2 AS12859,626336,12859 2914 174 8452 36992,2c0f:fc89:2c::/48,fe80::f21c:2d01:f5c3:154c
03/07/16 00:00:03,IGP,80.249.208.34 AS1103,457017,1103 3257 174 8452 36992,197.120.0.0/14,80.249.208.34
03/07/16 00:00:03,IGP,80.249.208.200 AS12859,457018,12859 2914 174 8452 36992,197.120.0.0/18,80.249.208.200
03/07/16 00:00:03,IGP,80.249.208.111 AS30132,457019,30132 3257 8452 36992,197.120.64.0/18,80.249.208.85
03/07/16 00:00:03,IGP,80.249.208.111 AS30132,457020,30132 3257 8452 36992,197.120.128.0/18,80.249.208.85
03/07/16 00:00:03,IGP,80.249.208.111 AS30132,457021,30132 3257 8452 36992,197.120.192.0/18,80.249.208.85
03/07/16 00:00:03,IGP,80.249.208.200 AS12859,457022,12859 2914 174 8452 36992,197.121.0.0/18,80.249.208.200
03/07/16 00:00:03,IGP,80.249.208.111 AS30132,457023,30132 3257 8452 36992,197.121.64.0/18,80.249.208.85
03/07/16 00:00:03,IGP,80.249.208.200 AS12859,457024,12859 2914 174 8452 36992,197.121.128.0/18,80.249.208.200
03/07/16 00:00:03,IGP,80.249.208.200 AS12859,457025,12859 2914 174 8452 36992,197.121.192.0/18,80.249.208.200
03/07/16 00:00:03,IGP,80.249.208.200 AS12859,457026,12859 2914 174 8452 36992,197.122.0.0/18,80.249.208.200
03/07/16 00:00:03,IGP,80.249.208.34 AS1103,457027,1103 3257 8452 36992,197.122.64.0/18,80.249.208.34
03/07/16 00:00:03,IGP,80.249.208.34 AS1103,457028,1103 3257 8452 36992,197.122.128.0/18,80.249.208.34
03/07/16 00:00:03,IGP,80.249.208.111 AS30132,457029,30132 1299 174 8452 36992,197.122.192.0/18,80.249.208.111
03/07/16 00:00:03,IGP,80.249.208.111 AS30132,457030,30132 1299 174 8452 36992,197.123.0.0/18,80.249.208.111
03/07/16 00:00:03,IGP,80.249.208.111 AS30132,457031,30132 1299 174 8452 36992,197.123.64.0/18,80.249.208.111
03/07/16 00:00:03,IGP,80.249.208.111 AS30132,457032,30132 1299 174 8452 36992,197.123.128.0/18,80.249.208.111
03/07/16 00:00:03,IGP,80.249.208.111 AS30132,457033,30132 1299 174 8452 36992,197.123.192.0/18,80.249.208.111
03/07/16 00:00:03,IGP,80.249.208.34 AS1103,457034,1103 3257 174 8452 36992,197.124.0.0/14,80.249.208.34
03/07/16 00:00:03,IGP,80.249.208.200 AS12859,457035,12859 2914 174 8452 36992,197.124.0.0/18,80.249.208.200
03/07/16 00:00:03,IGP,80.249.209.167 AS6453,457036,6453 174 8452 36992,197.124.64.0/18,80.249.209.167
03/07/16 00:00:03,IGP,80.249.208.111 AS30132,457037,30132 1299 3356 8452 36992,197.124.128.0/18,80.249.208.111
03/07/16 00:00:03,IGP,80.249.208.111 AS30132,457038,30132 1299 174 8452 36992,197.124.192.0/18,80.249.208.111
03/07/16 00:00:03,IGP,80.249.209.167 AS6453,457039,6453 174 8452 36992,197.125.0.0/18,80.249.209.167
03/07/16 00:00:03,IGP,80.249.208.111 AS30132,457040,30132 1299 3356 8452 36992,197.125.64.0/18,80.249.208.111
03/07/16 00:00:03,IGP,80.249.208.111 AS30132,457041,30132 1299 3356 8452 36992,197.125.128.0/18,80.249.208.111
03/07/16 00:00:03,IGP,80.249.208.111 AS30132,457042,30132 1299 3356 8452 36992,197.125.192.0/18,80.249.208.111
03/07/16 00:00:03,IGP,80.249.208.111 AS30132,457043,30132 1299 174 8452 36992,197.126.0.0/18,80.249.208.111
03/07/16 00:00:03,IGP,80.249.209.167 AS6453,457044,6453 174 8452 36992,197.126.64.0/18,80.249.209.167
03/07/16 00:00:03,IGP,80.249.208.111 AS30132,457045,30132 1299 174 8452 36992,197.126.128.0/18,80.249.208.111
03/07/16 00:00:03,IGP,80.249.208.111 AS30132,457046,30132 1299 174 8452 36992,197.126.192.0/18,80.249.208.111
03/07/16 00:00:03,IGP,80.249.208.111 AS30132,457047,30132 1299 174 8452 36992,197.127.0.0/18,80.249.208.111
03/07/16 00:00:03,IGP,80.249.208.111 AS30132,457048,30132 1299 174 8452 36992,197.127.64.0/18,80.249.208.111
03/07/16 00:00:03,IGP,80.249.208.111 AS30132,457049,30132 1299 174 8452 36992,197.127.128.0/18,80.249.208.111
03/07/16 00:00:03,IGP,80.249.208.111 AS30132,457050,30132 1299 3356 8452 36992 36992 36992 36992 36992,197.127.192.0/18,80.249.208.111
03/07/16 00:00:03,IGP,80.249.210.99 AS50763,457999,50763 8943 3549 3356 174 8452 36992,197.192.0.0/13,80.249.210.99
03/07/16 00:00:03,IGP,80.249.211.217 AS8455,458000,8455 2914 174 8452 36992,197.192.0.0/17,80.249.211.217
03/07/16 00:00:03,IGP,80.249.208.149 AS15435,458001,15435 3257 3356 8452 36992,197.192.0.0/18,80.249.208.149
03/07/16 00:00:03,IGP,80.249.208.200 AS12859,458002,12859 2914 6453 36992,197.192.64.0/18,80.249.208.200
03/07/16 00:00:03,IGP,80.249.208.200 AS12859,458003,12859 2914 6453 36992,197.192.128.0/17,80.249.208.200
03/07/16 00:00:03,IGP,80.249.211.217 AS8455,458004,8455 2914 174 8452 36992,197.192.128.0/18,80.249.211.217
03/07/16 00:00:03,IGP,80.249.208.149 AS15435,458005,15435 3257 3356 8452 36992,197.193.0.0/18,80.249.208.149
03/07/16 00:00:03,IGP,80.249.208.200 AS12859,458006,12859 2914 3356 8452 36992,197.193.0.0/19,80.249.208.200
03/07/16 00:00:03,IGP,80.249.208.200 AS12859,458007,12859 2914 3356 8452 36992,197.193.32.0/19,80.249.208.200
03/07/16 00:00:03,IGP,80.249.209.167 AS6453,458008,6453 174 8452 36992,197.193.128.0/17,80.249.209.167
03/07/16 00:00:03,IGP,80.249.208.200 AS12859,458009,12859 2914 174 8452 36992,197.193.128.0/18,80.249.208.200
03/07/16 00:00:03,IGP,80.249.208.200 AS12859,458010,12859 2914 174 8452 36992,197.193.192.0/18,80.249.208.200
03/07/16 00:00:03,IGP,80.249.208.111 AS30132,458011,30132 1299 3356 8452 36992,197.194.0.0/17,80.249.208.111
03/07/16 00:00:03,IGP,80.249.211.217 AS8455,458012,8455 2914 174 8452 36992,197.194.32.0/19,80.249.211.217
03/07/16 00:00:03,IGP,80.249.209.167 AS6453,458013,6453 174 8452 36992,197.194.64.0/18,80.249.209.167
03/07/16 00:00:03,IGP,80.249.208.200 AS12859,458014,12859 2914 3356 8452 36992,197.194.128.0/17,80.249.208.200
03/07/16 00:00:03,IGP,80.249.211.217 AS8455,458015,8455 2914 174 8452 36992,197.195.0.0/17,80.249.211.217
03/07/16 00:00:03,IGP,80.249.208.200 AS12859,458016,12859 2914 6453 36992,197.195.64.0/18,80.249.208.200
03/07/16 00:00:03,IGP,80.249.211.217 AS8455,458017,8455 2914 174 8452 36992,197.195.128.0/18,80.249.211.217
03/07/16 00:00:03,IGP,80.249.208.200 AS12859,458018,12859 2914 6453 36992 36992 36992 36992 36992 36992 36992,197.195.192.0/18,80.249.208.200
03/07/16 00:00:03,IGP,80.249.208.200 AS12859,458019,12859 2914 174 8452 36992,197.196.0.0/19,80.249.208.200
03/07/16 00:00:03,IGP,80.249.208.200 AS12859,458020,12859 2914 3356 8452 36992,197.196.32.0/19,80.249.208.200
03/07/16 00:00:03,IGP,80.249.208.200 AS12859,458021,12859 2914 3356 8452 36992,197.196.64.0/18,80.249.208.200
03/07/16 00:00:03,IGP,80.249.208.200 AS12859,458022,12859 2914 174 8452 36992,197.196.128.0/18,80.249.208.200
03/07/16 00:00:03,IGP,80.249.208.200 AS12859,458023,12859 2914 3356 8452 36992,197.196.128.0/19,80.249.208.200
03/07/16 00:00:03,IGP,80.249.208.200 AS12859,458024,12859 2914 3356 8452 36992,197.196.160.0/19,80.249.208.200
03/07/16 00:00:03,IGP,80.249.208.200 AS12859,458025,12859 2914 3356 8452 36992,197.196.192.0/18,80.249.208.200
03/07/16 00:00:03,IGP,80.249.208.200 AS12859,458026,12859 2914 3356 8452 36992,197.197.0.0/17,80.249.208.200
03/07/16 00:00:03,IGP,80.249.208.149 AS15435,458027,15435 3257 3356 8452 36992,197.197.192.0/18,80.249.208.149
03/07/16 00:00:03,IGP,80.249.208.200 AS12859,458028,12859 2914 174 8452 36992,197.198.0.0/18,80.249.208.200
03/07/16 00:00:03,IGP,80.249.211.217 AS8455,458029,8455 2914 174 8452 36992,197.198.64.0/18,80.249.211.217
03/07/16 00:00:03,IGP,80.249.208.200 AS12859,458030,12859 2914 3356 8452 36992,197.198.128.0/18,80.249.208.200
03/07/16 00:00:03,IGP,80.249.208.149 AS15435,458031,15435 3257 3356 8452 36992,197.198.192.0/18,80.249.208.149
03/07/16 00:00:03,IGP,80.249.208.200 AS12859,458032,12859 2914 3356 8452 36992,197.199.0.0/18,80.249.208.200
03/07/16 00:00:03,IGP,80.249.208.200 AS12859,458033,12859 2914 174 8452 36992,197.199.64.0/18,80.249.208.200
03/07/16 00:00:03,IGP,80.249.208.200 AS12859,458034,12859 2914 174 8452 36992,197.199.128.0/18,80.249.208.200
03/07/16 00:00:03,IGP,80.249.208.149 AS15435,458035,15435 3257 3356 8452 36992,197.199.224.0/20,80.249.208.149
03/07/16 00:00:03,IGP,80.249.208.111 AS30132,458036,30132 6453 36992 36992 36992 36992 36992,197.199.241.0/24,80.249.209.167
03/07/16 00:00:03,IGP,80.249.208.200 AS12859,458037,12859 2914 6453 36992,197.199.244.0/24,80.249.208.200
03/07/16 00:00:03,IGP,80.249.208.200 AS12859,458038,12859 2914 6453 36992,197.199.245.0/24,80.249.208.200
03/07/16 00:00:03,IGP,80.249.208.111 AS30132,458039,30132 1299 3356 8452 36992,197.199.248.0/24,80.249.208.111
03/07/16 00:00:03,IGP,80.249.208.200 AS12859,458040,12859 3257 8452 36992,197.199.253.0/24,80.249.208.200
03/07/16 00:00:03,IGP,80.249.208.200 AS12859,458041,12859 2914 6453 36992,197.199.254.0/24,80.249.208.200
03/07/16 00:00:02,IGP,80.249.208.200 AS12859,207141,12859 2914 174 8452 36992,105.80.0.0/14,80.249.208.200
03/07/16 00:00:02,IGP,80.249.208.111 AS30132,207142,30132 3257 8452 36992,105.80.0.0/18,80.249.208.85
03/07/16 00:00:02,IGP,80.249.208.149 AS15435,207143,15435 174 8452 36992,105.80.64.0/18,80.249.208.149
03/07/16 00:00:02,IGP,80.249.208.200 AS12859,207144,12859 2914 174 8452 36992,105.80.128.0/18,80.249.208.200
03/07/16 00:00:02,IGP,80.249.208.200 AS12859,207145,12859 2914 174 8452 36992,105.80.192.0/18,80.249.208.200
03/07/16 00:00:02,IGP,80.249.208.200 AS12859,207146,12859 2914 174 8452 36992,105.81.0.0/18,80.249.208.200
03/07/16 00:00:02,IGP,80.249.208.200 AS12859,207147,12859 2914 174 8452 36992,105.81.64.0/18,80.249.208.200
03/07/16 00:00:02,IGP,80.249.208.200 AS12859,207148,12859 2914 174 8452 36992,105.81.128.0/18,80.249.208.200
03/07/16 00:00:02,IGP,80.249.208.200 AS12859,207149,12859 2914 174 8452 36992,105.81.192.0/18,80.249.208.200
03/07/16 00:00:02,IGP,80.249.208.149 AS15435,207150,15435 174 8452 36992,105.82.0.0/18,80.249.208.149
03/07/16 00:00:02,IGP,80.249.208.149 AS15435,207151,15435 174 8452 36992,105.82.64.0/18,80.249.208.149
03/07/16 00:00:02,IGP,80.249.208.149 AS15435,207152,15435 3257 3356 8452 36992,105.82.128.0/18,80.249.208.149
03/07/16 00:00:02,IGP,80.249.208.149 AS15435,207153,15435 3257 3356 8452 36992,105.82.192.0/18,80.249.208.149
03/07/16 00:00:02,IGP,80.249.208.34 AS1103,207154,1103 3257 8452 36992,105.83.0.0/18,80.249.208.34
03/07/16 00:00:02,IGP,80.249.208.34 AS1103,207155,1103 3257 8452 36992,105.83.64.0/18,80.249.208.34
03/07/16 00:00:02,IGP,80.249.208.34 AS1103,207156,1103 3257 8452 36992,105.83.128.0/18,80.249.208.34
03/07/16 00:00:02,IGP,80.249.208.34 AS1103,207157,1103 3257 8452 36992,105.83.192.0/18,80.249.208.34
03/07/16 00:00:02,IGP,80.249.208.200 AS12859,207158,12859 2914 174 8452 36992,105.84.0.0/14,80.249.208.200
03/07/16 00:00:02,IGP,80.249.208.149 AS15435,207159,15435 174 8452 36992,105.84.0.0/18,80.249.208.149
03/07/16 00:00:02,IGP,80.249.208.149 AS15435,207160,15435 174 8452 36992,105.84.64.0/18,80.249.208.149
03/07/16 00:00:02,IGP,80.249.208.111 AS30132,207161,30132 1299 174 8452 36992,105.84.128.0/18,80.249.208.111
03/07/16 00:00:02,IGP,80.249.208.149 AS15435,207162,15435 174 8452 36992,105.84.192.0/18,80.249.208.149
03/07/16 00:00:02,IGP,80.249.208.149 AS15435,207163,15435 174 8452 36992,105.85.0.0/18,80.249.208.149
03/07/16 00:00:02,IGP,80.249.208.149 AS15435,207164,15435 174 8452 36992,105.85.64.0/18,80.249.208.149
03/07/16 00:00:02,IGP,80.249.208.149 AS15435,207165,15435 174 8452 36992,105.85.128.0/18,80.249.208.149
03/07/16 00:00:02,IGP,80.249.208.149 AS15435,207166,15435 174 8452 36992,105.85.192.0/18,80.249.208.149
03/07/16 00:00:02,IGP,80.249.208.111 AS30132,207167,30132 3257 8452 36992,105.86.0.0/18,80.249.208.85
03/07/16 00:00:02,IGP,80.249.208.200 AS12859,207168,12859 2914 174 8452 36992,105.86.64.0/18,80.249.208.200
03/07/16 00:00:02,IGP,80.249.208.200 AS12859,207169,12859 2914 174 8452 36992,105.86.128.0/18,80.249.208.200
03/07/16 00:00:02,IGP,80.249.208.200 AS12859,207170,12859 2914 174 8452 36992,105.86.192.0/18,80.249.208.200
03/07/16 00:00:02,IGP,80.249.208.200 AS12859,207171,12859 2914 174 8452 36992,105.87.0.0/18,80.249.208.200
03/07/16 00:00:02,IGP,80.249.208.149 AS15435,207172,15435 174 8452 36992,105.87.64.0/18,80.249.208.149
03/07/16 00:00:02,IGP,80.249.208.149 AS15435,207173,15435 174 8452 36992,105.87.128.0/18,80.249.208.149
03/07/16 00:00:02,IGP,80.249.208.149 AS15435,207174,15435 174 8452 36992,105.87.192.0/18,80.249.208.149
03/07/16 00:00:02,IGP,80.249.208.200 AS12859,207175,12859 2914 174 8452 36992,105.88.0.0/14,80.249.208.200
03/07/16 00:00:02,IGP,80.249.208.149 AS15435,207176,15435 3257 3356 8452 36992,105.88.0.0/16,80.249.208.149
03/07/16 00:00:02,IGP,80.249.208.149 AS15435,207177,15435 174 8452 36992,105.89.0.0/17,80.249.208.149
03/07/16 00:00:02,IGP,80.249.208.149 AS15435,207178,15435 3257 3356 8452 36992,105.89.128.0/17,80.249.208.149
03/07/16 00:00:02,IGP,80.249.208.149 AS15435,207179,15435 174 8452 36992,105.90.0.0/18,80.249.208.149
03/07/16 00:00:02,IGP,80.249.208.200 AS12859,207180,12859 2914 174 8452 36992,105.90.64.0/18,80.249.208.200
03/07/16 00:00:02,IGP,80.249.208.149 AS15435,207181,15435 3257 3356 8452 36992,105.90.128.0/18,80.249.208.149
03/07/16 00:00:02,IGP,80.249.208.149 AS15435,207182,15435 174 8452 36992,105.90.192.0/18,80.249.208.149
03/07/16 00:00:02,IGP,80.249.208.111 AS30132,207183,30132 1299 174 8452 36992,105.91.0.0/18,80.249.208.111
03/07/16 00:00:02,IGP,80.249.208.111 AS30132,207184,30132 1299 174 8452 36992,105.91.64.0/18,80.249.208.111
03/07/16 00:00:02,IGP,80.249.208.111 AS30132,207185,30132 1299 174 8452 36992,105.91.128.0/18,80.249.208.111
03/07/16 00:00:02,IGP,80.249.208.111 AS30132,207186,30132 1299 174 8452 36992,105.91.192.0/18,80.249.208.111
03/07/16 00:00:02,IGP,80.249.208.200 AS12859,207187,12859 2914 174 8452 36992,105.92.0.0/14,80.249.208.200
03/07/16 00:00:02,IGP,80.249.208.200 AS12859,207188,12859 2914 174 8452 36992,105.92.0.0/17,80.249.208.200
03/07/16 00:00:02,IGP,80.249.208.149 AS15435,207189,15435 174 8452 36992,105.92.128.0/17,80.249.208.149
03/07/16 00:00:02,IGP,80.249.208.149 AS15435,207190,15435 174 8452 36992,105.93.0.0/17,80.249.208.149
03/07/16 00:00:02,IGP,80.249.208.149 AS15435,207191,15435 174 8452 36992,105.93.128.0/17,80.249.208.149
03/07/16 00:00:02,IGP,80.249.208.200 AS12859,207192,12859 2914 174 8452 36992,105.94.0.0/18,80.249.208.200
03/07/16 00:00:02,IGP,80.249.208.200 AS12859,207193,12859 2914 174 8452 36992 36992 36992 36992 36992 36992 36992 36992,105.94.64.0/18,80.249.208.200
03/07/16 00:00:02,IGP,80.249.208.200 AS12859,207194,12859 2914 174 8452 36992,105.94.128.0/18,80.249.208.200
03/07/16 00:00:02,IGP,80.249.211.217 AS8455,207195,8455 3257 174 8452 36992,105.94.192.0/18,80.249.211.217
03/07/16 00:00:02,IGP,80.249.208.149 AS15435,207196,15435 174 8452 36992,105.95.0.0/18,80.249.208.149
03/07/16 00:00:02,IGP,80.249.208.149 AS15435,207197,15435 3257 3356 8452 36992,105.95.64.0/18,80.249.208.149
03/07/16 00:00:02,IGP,80.249.208.149 AS15435,207198,15435 3257 3356 8452 36992,105.95.128.0/18,80.249.208.149
03/07/16 00:00:02,IGP,80.249.208.111 AS30132,207199,30132 3257 8452 36992,105.95.192.0/18,80.249.208.85
03/07/16 00:00:02,IGP,80.249.208.200 AS12859,207619,12859 2914 174 8452 36992,105.200.0.0/14,80.249.208.200
03/07/16 00:00:02,IGP,80.249.208.149 AS15435,207620,15435 174 8452 36992,105.200.0.0/18,80.249.208.149
03/07/16 00:00:02,IGP,80.249.208.149 AS15435,207621,15435 3257 3356 8452 36992,105.200.64.0/18,80.249.208.149
03/07/16 00:00:02,IGP,80.249.208.149 AS15435,207622,15435 3257 3356 8452 36992,105.200.128.0/18,80.249.208.149
03/07/16 00:00:02,IGP,80.249.208.149 AS15435,207623,15435 3257 3356 8452 36992,105.200.192.0/19,80.249.208.149
03/07/16 00:00:02,IGP,80.249.208.149 AS15435,207624,15435 174 8452 36992,105.200.224.0/19,80.249.208.149
03/07/16 00:00:02,IGP,80.249.208.111 AS30132,207625,30132 1299 174 8452 36992,105.201.0.0/17,80.249.208.111
03/07/16 00:00:02,IGP,80.249.208.149 AS15435,207626,15435 174 8452 36992,105.201.128.0/19,80.249.208.149
03/07/16 00:00:02,IGP,80.249.208.149 AS15435,207627,15435 3257 3356 8452 36992,105.201.160.0/19,80.249.208.149
03/07/16 00:00:02,IGP,80.249.208.34 AS1103,207628,1103 3257 8452 36992,105.201.176.0/20,80.249.208.34
03/07/16 00:00:02,IGP,80.249.208.149 AS15435,207629,15435 174 8452 36992,105.201.192.0/19,80.249.208.149
03/07/16 00:00:02,IGP,80.249.208.149 AS15435,207630,15435 3257 3356 8452 36992,105.201.224.0/19,80.249.208.149
03/07/16 00:00:02,IGP,80.249.208.149 AS15435,207631,15435 174 8452 36992,105.202.0.0/17,80.249.208.149
03/07/16 00:00:02,IGP,80.249.208.149 AS15435,207632,15435 3257 3356 8452 36992,105.202.128.0/19,80.249.208.149
03/07/16 00:00:02,IGP,80.249.208.149 AS15435,207633,15435 3257 3356 8452 36992,105.202.160.0/19,80.249.208.149
03/07/16 00:00:02,IGP,80.249.208.149 AS15435,207634,15435 3257 3356 8452 36992,105.202.192.0/19,80.249.208.149
03/07/16 00:00:02,IGP,80.249.208.149 AS15435,207635,15435 3257 3356 8452 36992,105.202.224.0/19,80.249.208.149
03/07/16 00:00:02,IGP,80.249.208.149 AS15435,207636,15435 174 8452 36992,105.203.0.0/19,80.249.208.149
03/07/16 00:00:02,IGP,80.249.208.111 AS30132,207637,30132 3257 8452 36992,105.203.32.0/19,80.249.208.85
03/07/16 00:00:02,IGP,80.249.208.149 AS15435,207638,15435 3257 3356 8452 36992,105.203.64.0/18,80.249.208.149
03/07/16 00:00:02,IGP,80.249.208.149 AS15435,207639,15435 174 8452 36992,105.203.128.0/18,80.249.208.149
03/07/16 00:00:02,IGP,80.249.208.149 AS15435,207640,15435 3257 3356 8452 36992,105.203.224.0/20,80.249.208.149
03/07/16 00:00:02,IGP,80.249.208.111 AS30132,207641,30132 3257 8452 36992,105.203.247.0/24,80.249.208.85
03/07/16 00:00:02,IGP,80.249.208.111 AS30132,207642,30132 3257 8452 36992,105.203.250.0/24,80.249.208.85
03/07/16 00:00:02,IGP,80.249.208.149 AS15435,207643,15435 3257 3356 8452 36992,105.203.251.0/24,80.249.208.149
03/07/16 00:00:02,IGP,80.249.208.111 AS30132,207644,30132 3257 8452 36992,105.203.252.0/24,80.249.208.85
03/07/16 00:00:02,IGP,80.249.208.111 AS30132,207645,30132 3257 8452 36992,105.203.253.0/24,80.249.208.85
03/07/16 00:00:02,IGP,80.249.208.149 AS15435,207646,15435 3257 3356 8452 36992,105.203.254.0/24,80.249.208.149
03/07/16 00:00:02,IGP,80.249.208.34 AS1103,207647,1103 3257 8452 36992,105.203.255.0/24,80.249.208.34
03/07/16 00:00:02,IGP,80.249.208.200 AS12859,207648,12859 2914 174 8452 36992,105.204.0.0/14,80.249.208.200
03/07/16 00:00:02,IGP,80.249.208.149 AS15435,207649,15435 174 8452 36992,105.204.0.0/19,80.249.208.149
03/07/16 00:00:02,IGP,80.249.208.149 AS15435,207650,15435 174 8452 36992,105.204.32.0/19,80.249.208.149
03/07/16 00:00:02,IGP,80.249.208.200 AS12859,207651,12859 2914 174 8452 36992,105.204.64.0/18,80.249.208.200
03/07/16 00:00:02,IGP,80.249.208.149 AS15435,207652,15435 3257 3356 8452 36992,105.204.128.0/18,80.249.208.149
03/07/16 00:00:02,IGP,80.249.208.200 AS12859,207653,12859 2914 174 8452 36992,105.204.192.0/18,80.249.208.200
03/07/16 00:00:02,IGP,80.249.208.149 AS15435,207654,15435 174 8452 36992,105.205.0.0/18,80.249.208.149
03/07/16 00:00:02,IGP,80.249.208.200 AS12859,207655,12859 2914 174 8452 36992,105.205.64.0/18,80.249.208.200
03/07/16 00:00:02,IGP,80.249.208.149 AS15435,207656,15435 174 8452 36992,105.205.128.0/20,80.249.208.149
03/07/16 00:00:02,IGP,80.249.208.200 AS12859,207657,12859 2914 174 8452 36992,105.206.0.0/18,80.249.208.200
03/07/16 00:00:02,IGP,80.249.208.149 AS15435,207658,15435 174 8452 36992,105.206.64.0/18,80.249.208.149
03/07/16 00:00:02,IGP,80.249.208.149 AS15435,207659,15435 174 8452 36992,105.206.128.0/18,80.249.208.149
03/07/16 00:00:02,IGP,80.249.208.111 AS30132,207660,30132 3257 8452 36992,105.206.192.0/18,80.249.208.85
03/07/16 00:00:02,IGP,80.249.208.200 AS12859,207661,12859 2914 174 8452 36992,105.207.0.0/18,80.249.208.200
03/07/16 00:00:02,IGP,80.249.208.200 AS12859,207662,12859 2914 174 8452 36992,105.207.64.0/18,80.249.208.200
03/07/16 00:00:02,IGP,80.249.208.34 AS1103,207663,1103 3257 8452 36992,105.207.128.0/18,80.249.208.34
03/07/16 00:00:02,IGP,80.249.208.149 AS15435,207664,15435 174 8452 36992,105.207.192.0/18,80.249.208.149